<?xml version="1.0" encoding="UTF-8"?>

<mule xmlns:validation="http://www.mulesoft.org/schema/mule/validation" xmlns:dw="http://www.mulesoft.org/schema/mule/ee/dw" xmlns:ws="http://www.mulesoft.org/schema/mule/ws" xmlns:metadata="http://www.mulesoft.org/schema/mule/metadata" xmlns:http="http://www.mulesoft.org/schema/mule/http" xmlns:tracking="http://www.mulesoft.org/schema/mule/ee/tracking" xmlns="http://www.mulesoft.org/schema/mule/core" xmlns:doc="http://www.mulesoft.org/schema/mule/documentation"
	xmlns:spring="http://www.springframework.org/schema/beans" 
	xmlns:xsi="http://www.w3.org/2001/XMLSchema-instance"
	xsi:schemaLocation="http://www.springframework.org/schema/beans http://www.springframework.org/schema/beans/spring-beans-current.xsd
http://www.mulesoft.org/schema/mule/core http://www.mulesoft.org/schema/mule/core/current/mule.xsd
http://www.mulesoft.org/schema/mule/http http://www.mulesoft.org/schema/mule/http/current/mule-http.xsd
http://www.mulesoft.org/schema/mule/ee/tracking http://www.mulesoft.org/schema/mule/ee/tracking/current/mule-tracking-ee.xsd
http://www.mulesoft.org/schema/mule/ee/dw http://www.mulesoft.org/schema/mule/ee/dw/current/dw.xsd
http://www.mulesoft.org/schema/mule/ws http://www.mulesoft.org/schema/mule/ws/current/mule-ws.xsd
http://www.mulesoft.org/schema/mule/validation http://www.mulesoft.org/schema/mule/validation/current/mule-validation.xsd">
    <flow name="getFlightsFlow">
        <http:listener config-ref="HTTP_Listener_Configuration" path="/flights" allowedMethods="GET" doc:name="HTTP"/>
        <set-variable variableName="airline" value="#[message.inboundProperties.'http.query.params'.airline]" doc:name="Set airline variable"/>
        <flow-ref name="setCodeSubflow" doc:name="setCodeSubflow"/>
        <validation:is-not-empty message="You must pass the destination as a query parameter called code" exceptionClass="java.lang.IllegalArgumentException" value="#[flowVars.code]" doc:name="Validation"/>
        <choice doc:name="Choice">
            <when expression="#[flowVars.airline == &quot;delta&quot;]">
                <flow-ref name="getDeltaFlightsFlow" doc:name="getDeltaFlightsFlow"/>
            </when>
            <when expression="#[flowVars.airline == &quot;united&quot;]">
                <flow-ref name="getUnitedFlightsFlow" doc:name="getUnitedFlightsFlow"/>
            </when>
            <when expression="#[flowVars.airline == &quot;american&quot;]">
                <flow-ref name="getAmericanFlightsFlow" doc:name="getAmericanFlightsFlow"/>
            </when>
            <otherwise>
                <flow-ref name="getAllAirlineFlightsFlow" doc:name="getAllAirlineFlightsFlow"/>
            </otherwise>
        </choice>
        <dw:transform-message doc:name="Transform Message">
            <dw:set-payload><![CDATA[%dw 1.0
%output application/json
---
payload orderBy $.price]]></dw:set-payload>
        </dw:transform-message>
        <logger level="INFO" doc:name="Logger"/>

    </flow>
    <sub-flow name="setCodeSubflow">
        <set-variable variableName="code" value="#[message.inboundProperties.'http.query.params'.code]" doc:name="Set airport code"/>
    </sub-flow>
    <flow name="getUnitedFlightsFlow">
        <http:request config-ref="United_HTTP_Request_Configuration" path="/essentials/united/flights/{destination}" method="GET" doc:name="United REST Request" metadata:id="28a62c98-e01d-46fb-afe1-c90d7a3c3471">
            <http:request-builder>
                <http:uri-param paramName="destination" value="#[flowVars.code]"/>
            </http:request-builder>
        </http:request>
        <dw:transform-message doc:name="Transform Message" metadata:id="c939751d-bc7a-4917-8f4b-2de750686189">
            <dw:set-payload><![CDATA[%dw 1.0
%output application/java
---
payload.flights map ((flight , indexOfFlight) -> {
	airlineName: flight.airlineName,
	availableSeats: flight.emptySeats,
	departureDate: flight.departureDate,
	destination: flight.destination,
	flightCode: flight.code,
	origination: flight.origin,
	planeType: flight.planeType,
	price: flight.price
} as :object {
	class : "com.mulesoft.training.Flight"
})]]></dw:set-payload>
        </dw:transform-message>
        <logger level="INFO" doc:name="Logger"/>
    </flow>
    <flow name="getDeltaFlightsFlow">
        <dw:transform-message doc:name="Transform Message">
            <dw:set-payload><![CDATA[%dw 1.0
%output application/xml
%namespace ns0 http://soap.training.mulesoft.com/
---
{
	ns0#findFlight: {
		destination: flowVars.code as :string
	}
}]]></dw:set-payload>
        </dw:transform-message>
        <ws:consumer config-ref="Delta_Web_Service_Consumer" operation="findFlight" doc:name="Delta SOAP Request"/>
        <dw:transform-message doc:name="Transform Message" metadata:id="1ade9105-dd25-4510-a83a-49c478fcc6d6">
            <dw:set-payload><![CDATA[%dw 1.0
%output application/java
%namespace ns0 http://soap.training.mulesoft.com/
---
payload.ns0#findFlightResponse.*return map ((return , indexOfReturn) -> {
	airlineName: return.airlineName,
	availableSeats: return.emptySeats,
	departureDate: return.departureDate,
	destination: return.destination,
	flightCode: return.code,
	origination: return.origin,
	planeType: return.planeType,
	price: return.price
} as :object {
	class : "com.mulesoft.training.Flight"
})]]></dw:set-payload>
        </dw:transform-message>
        <logger level="INFO" doc:name="Logger"/>
    </flow>
    <flow name="getAmericanFlightsFlow">
        <http:request config-ref="American_HTTP_Request_Configuration" path="/flights" method="GET" doc:name="American REST Request">
            <http:request-builder>
                <http:query-param paramName="destination" value="#[flowVars.code]"/>
            </http:request-builder>
        </http:request>
        <dw:transform-message doc:name="Transform Message" metadata:id="d49e6a6b-0ca2-4a8f-96de-755f10b9b7d8">
            <dw:set-payload><![CDATA[%dw 1.0
%output application/java
---
payload map ((payload01 , indexOfPayload01) -> {
	airlineName: "American",
	availableSeats: payload01.emptySeats,
	departureDate: payload01.departureDate,
	destination: payload01.destination,
	flightCode: payload01.code,
	origination: payload01.origin,
	planeType: payload01.plane.type,
	price: payload01.price
} as :object {
	class : "com.mulesoft.training.Flight"
})]]></dw:set-payload>
        </dw:transform-message>
    </flow>
    <flow name="getAllAirlineFlightsFlow">
        <scatter-gather doc:name="Scatter-Gather">
            <processor-chain>
                <set-variable variableName="responseAirline" value="Delta" doc:name="Set responseAirline to Delta"/>
                <flow-ref name="getDeltaFlightsFlow" doc:name="getDeltaFlightsFlow"/>
                <message-filter onUnaccepted="emptyFlightResults" throwOnUnaccepted="true" doc:name="Format Empty Flights">
                    <filter ref="Filter_Not_ArrayList"/>
                </message-filter>
            </processor-chain>
            <processor-chain>
                <set-variable variableName="responseAirline" value="United" doc:name="Set responseAirline to United"/>
                <flow-ref name="getUnitedFlightsFlow" doc:name="getUnitedFlightsFlow"/>
                <message-filter onUnaccepted="emptyFlightResults" throwOnUnaccepted="true" doc:name="Format Empty Flights">
                    <filter ref="Filter_Not_ArrayList"/>
                </message-filter>
            </processor-chain>
            <processor-chain>
                <set-variable variableName="responseAirline" value="American" doc:name="Set responseAirline to American"/>
                <flow-ref name="getAmericanFlightsFlow" doc:name="getAmericanFlightsFlow"/>
                <message-filter onUnaccepted="emptyFlightResults" throwOnUnaccepted="true" doc:name="Format Empty Flights">
                    <filter ref="Filter_Not_ArrayList"/>
                </message-filter>
            </processor-chain>
        </scatter-gather>
        <dw:transform-message doc:name="Transform Message">
            <dw:set-payload><![CDATA[%dw 1.0
%output application/java
---
flatten payload]]></dw:set-payload>
        </dw:transform-message>
        <logger level="INFO" doc:name="Logger"/>
    </flow>
    <flow name="emptyFlightResults">
        <dw:transform-message doc:name="Package up empty Flight result object" metadata:id="485bdf34-350c-453c-a618-52578c9471dc">
            <dw:input-payload doc:sample="sample_data/json.json"/>
            <dw:input-variable doc:sample="sample_data/string_1.dwl" mimeType="application/java" variableName="code"/>
            <dw:input-variable doc:sample="sample_data/string.dwl" mimeType="application/java" variableName="airline"/>
            <dw:input-variable doc:sample="sample_data/string_2.dwl" mimeType="application/java" variableName="responseAirline"/>
            <dw:set-payload><![CDATA[%dw 1.0
%output application/java
---
[{
	airlineName: flowVars.responseAirline,
	availableSeats: -1,
	departureDate: "",
	destination: flowVars.code,
	flightCode: "NO RESULTS",
	origination: "MUA",
	planeType: "",
	price: -1.00
} as :object {
	class : "com.mulesoft.training.Flight"
}
]]]></dw:set-payload>
        </dw:transform-message>
        <logger message="No flights returned from #[flowVars.responseAirline] search" level="INFO" doc:name="Logger"/>
        <set-property propertyName="http.status" value="206" doc:name="Partial HTTP Status 206"/>
    </flow>
</mule>
