<?xml version="1.0" encoding="UTF-8"?>

<mule xmlns:cluster="http://www.mulesoft.org/schema/mule/ee/cluster" xmlns:ws="http://www.mulesoft.org/schema/mule/ws" xmlns:http="http://www.mulesoft.org/schema/mule/http" xmlns:context="http://www.springframework.org/schema/context" xmlns="http://www.mulesoft.org/schema/mule/core" xmlns:doc="http://www.mulesoft.org/schema/mule/documentation"
	xmlns:spring="http://www.springframework.org/schema/beans" 
	xmlns:xsi="http://www.w3.org/2001/XMLSchema-instance"
	xsi:schemaLocation="http://www.springframework.org/schema/beans http://www.springframework.org/schema/beans/spring-beans-current.xsd
http://www.mulesoft.org/schema/mule/core http://www.mulesoft.org/schema/mule/core/current/mule.xsd
http://www.mulesoft.org/schema/mule/http http://www.mulesoft.org/schema/mule/http/current/mule-http.xsd
http://www.springframework.org/schema/context http://www.springframework.org/schema/context/spring-context-current.xsd
http://www.mulesoft.org/schema/mule/ws http://www.mulesoft.org/schema/mule/ws/current/mule-ws.xsd">
    <context:property-placeholder location="flights-${env}.properties"/>
    <http:listener-config name="HTTP_Listener_Configuration" host="0.0.0.0" port="${http.port}" doc:name="HTTP Listener Configuration"/>
    <http:request-config name="United_HTTP_Request_Configuration" host="${united.host}" port="80" doc:name="HTTP Request Configuration"/>
    <http:request-config name="American_HTTP_Request_Configuration" host="training-american-ws.cloudhub.io" port="${american.port}" basePath="/api/" doc:name="HTTP Request Configuration">
        <http:raml-api-configuration location="https://anypoint.mulesoft.com/exchange/api/v1/organizations/68ef9520-24e9-4cf2-b2f5-620025690913/assets/68ef9520-24e9-4cf2-b2f5-620025690913/training-american-flights-api/1.0.0/api/root"/>
    </http:request-config>
    <ws:consumer-config name="Delta_Web_Service_Consumer" wsdlLocation="http://mu.mulesoft-training.com/essentials/delta?wsdl" service="TicketServiceService" port="TicketServicePort" serviceAddress="http://training-u.cloudhub.io/essentials/delta" doc:name="Web Service Consumer"/>
    <configuration defaultExceptionStrategy-ref="Default_Exception_Strategy" doc:name="Configuration">
        <http:config useTransportForUris="false"/>
    </configuration>

        <choice-exception-strategy name="Default_Exception_Strategy">
            <catch-exception-strategy when="#[exception.causeMatches('com.mulesoft.flights.*')]" doc:name="No flights &#8211; DW exception">
                <set-payload value="NO FLIGHTS to #[flowVars.code +  '\n' + exception]" doc:name="Set Payload"/>
                <set-property propertyName="http.status" value="400" doc:name="Property"/>
                <logger level="INFO" doc:name="Logger"/>
            </catch-exception-strategy>
        <catch-exception-strategy doc:name="Catch Exception Strategy">
            <set-property propertyName="http.status" value="500" doc:name="Set Property"/>
            <set-payload value="500 status - Internal server error:  #[exception]" doc:name="Set Payload"/>
            <logger message="500 status - Internal server error:  #[exception]" level="ERROR" doc:name="Logger"/>
        </catch-exception-strategy>
        </choice-exception-strategy>
        
        
    <choice-exception-strategy name="Rest_Request_Exception_Strategy">
        <catch-exception-strategy when="#[exception.causeMatches('org.mule.module.http.*')]" doc:name="Catch HTTP Module Exception Strategy">
            <set-property propertyName="http.status" value="500" doc:name="Set http.status to 500"/>
            <set-payload value="#['500 Status - Some exception was thrown by the HTTP module' + exception]" doc:name="Set Payload"/>
        </catch-exception-strategy>
        <catch-exception-strategy when="#[exception.causeMatches('org.mule.module.apikit.*')]" doc:name="Catch  org.mule.module.apikit Exception Strategy">
            <set-property propertyName="http.status" value="404" doc:name="Set http.status to 404"/>
            <set-payload value="#['404 Status - REST request failed to connect to host: ' + exception]" doc:name="Set Payload"/>
        </catch-exception-strategy>
        <catch-exception-strategy when="#[exception.causeMatches('org.mule.api.*')]" doc:name="Catch org.mule.api Exception Strategy">
            <set-property propertyName="http.status" value="404" doc:name="Set http.status to 404"/>
            <set-payload value="#['404 Status - REST request failed to connect to host: ' + exception]" doc:name="Set Payload"/>
        </catch-exception-strategy>
    </choice-exception-strategy>
    
    
    <choice-exception-strategy name="Soap_Exception_Strategy">
        <catch-exception-strategy when="#[exception.causeMatches('org.mule.module.ws.consumer.*')]" doc:name="Catch SOAP org.mule.module.ws.consumer Exception Strategy">
            <set-property propertyName="http.status" value="#['500']" doc:name="Property"/>
            <set-payload value="#['A SOAP Fault occured: ' + exception]" doc:name="Set Payload"/>
        </catch-exception-strategy>
        <catch-exception-strategy when="#[exception.causeMatches('org.mule.module.http.*')]" doc:name="Catch org.mule.module.http Exception Strategy">
            <set-property propertyName="http.status" value="500" doc:name="http.status to 404"/>
            <set-payload value="#['The Web Service Consumer made a bad HTTP Request: ' + exception]" doc:name="Set Payload"/>
        </catch-exception-strategy>
        <catch-exception-strategy when="#[exception.causeMatches('org.apache.cxf.*')]" doc:name="Catch org.apache.cxf Exception Strategy">
            <set-property propertyName="http.status" value="500" doc:name="Set http.status to 503"/>
            <set-payload value="#['The Web Service Consumer made a bad HTTP Request: ' + exception]" doc:name="Copy_of_Set Payload"/>
        </catch-exception-strategy>
        <catch-exception-strategy when="#[exception.causeMatches('org.mule.module.ws.consumer.*')]" doc:name="Catch SOAP javax.wsdl Exception Strategy">
            <set-property propertyName="http.status" value="#['500']" doc:name="Copy_of_Property"/>
            <set-payload value="#['A SOAP Fault occured: ' + exception]" doc:name="Copy_of_Set Payload"/>
        </catch-exception-strategy>
        <catch-exception-strategy when="#[exception.causeMatches('org.mule.module.ws.consumer.*')]" doc:name="Copy_of_Catch SOAP org.mule.api Exception Strategy">
            <set-property propertyName="http.status" value="#['500']" doc:name="Copy_of_Copy_of_Property"/>
            <set-payload value="#['A SOAP Fault occured: ' + exception]" doc:name="Copy_of_Copy_of_Set Payload"/>
        </catch-exception-strategy>
        <catch-exception-strategy when="#[exception.causeMatches('java.net.UnknownHostException')]" doc:name="Catch SOAP java.net.UnknownHostException Strategy">
            <set-property propertyName="http.status" value="#['500']" doc:name="Property"/>
            <set-payload value="#['Unknown Host Exception - check the application configuration: ' + exception]" doc:name="Set Payload"/>
        </catch-exception-strategy>
    </choice-exception-strategy>
        
</mule>
