<?xml version="1.0" encoding="UTF-8"?>
<mule xmlns:doc="http://www.mulesoft.org/schema/mule/documentation" xmlns="http://www.mulesoft.org/schema/mule/core" xmlns:apikit="http://www.mulesoft.org/schema/mule/apikit" xmlns:http="http://www.mulesoft.org/schema/mule/http" xmlns:spring="http://www.springframework.org/schema/beans" xmlns:xsi="http://www.w3.org/2001/XMLSchema-instance" xsi:schemaLocation="http://www.mulesoft.org/schema/mule/core http://www.mulesoft.org/schema/mule/core/current/mule.xsd
http://www.mulesoft.org/schema/mule/http http://www.mulesoft.org/schema/mule/http/current/mule-http.xsd
http://www.mulesoft.org/schema/mule/apikit http://www.mulesoft.org/schema/mule/apikit/current/mule-apikit.xsd
http://www.springframework.org/schema/beans http://www.springframework.org/schema/beans/spring-beans-3.1.xsd">
    <http:listener-config name="accounts-api-httpListenerConfig" host="0.0.0.0" port="8081" doc:name="HTTP Listener Configuration"/>
    <apikit:config name="accounts-api-config" raml="accounts-api.raml" consoleEnabled="false" doc:name="Router"/>
    <flow name="accounts-api-main">
        <http:listener config-ref="accounts-api-httpListenerConfig" path="/api/*" doc:name="HTTP"/>
        <apikit:router config-ref="accounts-api-config" doc:name="APIkit Router"/>
        <exception-strategy ref="accounts-api-apiKitGlobalExceptionMapping" doc:name="Reference Exception Strategy"/>
    </flow>
    <flow name="accounts-api-console">
        <http:listener config-ref="accounts-api-httpListenerConfig" path="/console/*" doc:name="HTTP"/>
        <apikit:console config-ref="accounts-api-config" doc:name="APIkit Console"/>
    </flow>
    <flow name="put:/accounts/{id}:application/json:accounts-api-config">
        <set-payload value="{&#xA;&quot;message&quot; : &quot;Account replaced (but not really)&quot;&#xA;}" doc:name="Set Payload"/>
    </flow>
    <flow name="delete:/accounts/{id}:accounts-api-config">
        <set-payload value="{&#xA;&quot;message&quot; : &quot;Account deleted (but not really)&quot;&#xA;}" doc:name="Set Payload"/>
    </flow>
    <flow name="patch:/accounts/{id}:application/json:accounts-api-config">
        <set-payload value="{&#xA;&quot;message&quot; : &quot;Account modified (but not really)&quot;&#xA;}" doc:name="Set Payload"/>
    </flow>
    <flow name="get:/accounts:accounts-api-config">
        <flow-ref name="getAllAccountsFlow" doc:name="GetAllAccounts"/>
    </flow>
    <flow name="get:/accounts/{id}:accounts-api-config">
        <flow-ref name="getSingleAccountFlow" doc:name="GetSingleAccount"/>
    </flow>
    <flow name="post:/accounts:application/json:accounts-api-config">
        <set-property propertyName="Content-Type" value="application/json" doc:name="Property"/>
        <set-payload value="{
    &quot;message&quot;: &quot;Accounts uploaded (but not really).&quot;
}" doc:name="Set Payload"/>
    </flow>
    <apikit:mapping-exception-strategy name="accounts-api-apiKitGlobalExceptionMapping">
        <apikit:mapping statusCode="404">
            <apikit:exception value="org.mule.module.apikit.exception.NotFoundException" />
            <set-property propertyName="Content-Type" value="application/json" doc:name="Property"/>
            <set-payload value="{ &quot;message&quot;: &quot;Resource not found&quot; }" doc:name="Set Payload"/>
        </apikit:mapping>
        <apikit:mapping statusCode="405">
            <apikit:exception value="org.mule.module.apikit.exception.MethodNotAllowedException" />
            <set-property propertyName="Content-Type" value="application/json" doc:name="Property"/>
            <set-payload value="{ &quot;message&quot;: &quot;Method not allowed&quot; }" doc:name="Set Payload"/>
        </apikit:mapping>
        <apikit:mapping statusCode="415">
            <apikit:exception value="org.mule.module.apikit.exception.UnsupportedMediaTypeException" />
            <set-property propertyName="Content-Type" value="application/json" doc:name="Property"/>
            <set-payload value="{ &quot;message&quot;: &quot;Unsupported media type&quot; }" doc:name="Set Payload"/>
        </apikit:mapping>
        <apikit:mapping statusCode="406">
            <apikit:exception value="org.mule.module.apikit.exception.NotAcceptableException" />
            <set-property propertyName="Content-Type" value="application/json" doc:name="Property"/>
            <set-payload value="{ &quot;message&quot;: &quot;Not acceptable&quot; }" doc:name="Set Payload"/>
        </apikit:mapping>
        <apikit:mapping statusCode="400">
            <apikit:exception value="org.mule.module.apikit.exception.BadRequestException" />
            <set-property propertyName="Content-Type" value="application/json" doc:name="Property"/>
            <set-payload value="{ &quot;message&quot;: &quot;Bad request&quot; }" doc:name="Set Payload"/>
        </apikit:mapping>
    </apikit:mapping-exception-strategy>
</mule>
