<?xml version="1.0" encoding="UTF-8"?>

<mule xmlns:dw="http://www.mulesoft.org/schema/mule/ee/dw" xmlns:metadata="http://www.mulesoft.org/schema/mule/metadata" xmlns:http="http://www.mulesoft.org/schema/mule/http" xmlns:tracking="http://www.mulesoft.org/schema/mule/ee/tracking" xmlns="http://www.mulesoft.org/schema/mule/core" xmlns:doc="http://www.mulesoft.org/schema/mule/documentation"
	xmlns:spring="http://www.springframework.org/schema/beans" 
	xmlns:xsi="http://www.w3.org/2001/XMLSchema-instance"
	xsi:schemaLocation="http://www.springframework.org/schema/beans http://www.springframework.org/schema/beans/spring-beans-current.xsd
http://www.mulesoft.org/schema/mule/core http://www.mulesoft.org/schema/mule/core/current/mule.xsd
http://www.mulesoft.org/schema/mule/http http://www.mulesoft.org/schema/mule/http/current/mule-http.xsd
http://www.mulesoft.org/schema/mule/ee/tracking http://www.mulesoft.org/schema/mule/ee/tracking/current/mule-tracking-ee.xsd
http://www.mulesoft.org/schema/mule/ee/dw http://www.mulesoft.org/schema/mule/ee/dw/current/dw.xsd">
    <flow name="getUnitedFlightsFlow">
        <http:listener config-ref="HTTP_Listener_Configuration" path="/united" allowedMethods="GET" doc:name="HTTP"/>
        <set-variable variableName="code" value="#[(message.inboundProperties.'http.query.params'.code == empty) ? 'SFO' : message.inboundProperties.'http.query.params'.code]" doc:name="Set airport code"/>
        <http:request config-ref="United_HTTP_Request_Configuration" path="/essentials/united/flights/{destination}" method="GET" doc:name="United REST Request" metadata:id="28a62c98-e01d-46fb-afe1-c90d7a3c3471">
            <http:request-builder>
                <http:uri-param paramName="destination" value="#[flowVars.code]"/>
            </http:request-builder>
        </http:request>
        <dw:transform-message doc:name="Transform Message" metadata:id="c939751d-bc7a-4917-8f4b-2de750686189">
            <dw:set-payload><![CDATA[%dw 1.0
%output application/json
---
payload.flights map ((flight , indexOfFlight) -> {
	airline: flight.airlineName,
	flightCode: flight.code,
	fromAirportCode: flight.origin,
	toAirportCode: flight.destination,
	departureDate: flight.departureDate,
	emptySeats: flight.emptySeats,
	price: flight.price,
	planeType: flight.planeType
})]]></dw:set-payload>
        </dw:transform-message>
        <logger level="INFO" doc:name="Logger"/>
    </flow>
</mule>
