{
   "flights":[
      {
         "price":400,
         "totalSeats":0,
         "flightCode":"ER38sd",
         "availableSeats":0,
         "planeType":"Boeing 737",
         "departureDate":"2015/03/20",
         "origination":"MUA",
         "airlineName":"United",
         "destination":"SFO"
      },
      {
         "price":945,
         "totalSeats":0,
         "flightCode":"ER39rk",
         "availableSeats":54,
         "planeType":"Boeing 757",
         "departureDate":"2015/09/11",
         "origination":"MUA",
         "airlineName":"United",
         "destination":"SFO"
      },
      {
         "price":954,
         "totalSeats":0,
         "flightCode":"ER39rj",
         "availableSeats":23,
         "planeType":"Boeing 777",
         "departureDate":"2015/02/12",
         "origination":"MUA",
         "airlineName":"United",
         "destination":"SFO"
      }
   ],
   "transactions":[
      {
         "amount":"3177.0",
         "customerRef":"4456",
         "flightID":"UNITEDER39RK2015-09-11",
         "region":"US",
         "transactionID":"181948797"
      },
      {
         "amount":"6754.0",
         "customerRef":"4466",
         "flightID":"UNITEDER39RJ2015-02-12",
         "region":"EU",
         "transactionID":"181948712"
      },
      {
         "amount":"6380.0",
         "customerRef":"4560",
         "flightID":"UNITEDER39RJ2015-02-12",
         "region":"US",
         "transactionID":"181948560"
      },
      {
         "amount":"735.0",
         "customerRef":"4564",
         "flightID":"UNITEDER38SD2015-03-20",
         "region":"US",
         "transactionID":"181948544"
      },
      {
         "amount":"9414.0",
         "customerRef":"4572",
         "flightID":"UNITEDER39RJ2015-02-12",
         "region":"US",
         "transactionID":"181948543"
      },
      {
         "amount":"7536.0",
         "customerRef":"4579",
         "flightID":"UNITEDER38SD2015-03-20",
         "region":"US",
         "transactionID":"181948782"
      },
      {
         "amount":"2933.0",
         "customerRef":"4605",
         "flightID":"UNITEDER39RK2015-09-11",
         "region":"US",
         "transactionID":"181948604"
      },
      {
         "amount":"2938.0",
         "customerRef":"4631",
         "flightID":"UNITEDER39RJ2015-02-12",
         "region":"EU",
         "transactionID":"181948623"
      },
      {
         "amount":"9216.0",
         "customerRef":"4651",
         "flightID":"UNITEDER39RK2015-09-11",
         "region":"EU",
         "transactionID":"181948524"
      },
      {
         "amount":"8603.0",
         "customerRef":"4726",
         "flightID":"UNITEDER38SD2015-03-20",
         "region":"US",
         "transactionID":"181948722"
      },
      {
         "amount":"4610.0",
         "customerRef":"4753",
         "flightID":"UNITEDER38SD2015-03-20",
         "region":"EU",
         "transactionID":"181948456"
      },
      {
         "amount":"7682.0",
         "customerRef":"4806",
         "flightID":"UNITEDER39RK2015-09-11",
         "region":"EU",
         "transactionID":"181948599"
      },
      {
         "amount":"7013.0",
         "customerRef":"4810",
         "flightID":"UNITEDER39RJ2015-02-12",
         "region":"US",
         "transactionID":"181948661"
      },
      {
         "amount":"9642.0",
         "customerRef":"4821",
         "flightID":"UNITEDER39RJ2015-02-12",
         "region":"US",
         "transactionID":"181948801"
      },
      {
         "amount":"1116.0",
         "customerRef":"4863",
         "flightID":"UNITEDER38SD2015-03-20",
         "region":"EU",
         "transactionID":"181948592"
      },
      {
         "amount":"10017.0",
         "customerRef":"4866",
         "flightID":"UNITEDER39RK2015-09-11",
         "region":"US",
         "transactionID":"181948481"
      },
      {
         "amount":"484.0",
         "customerRef":"4883",
         "flightID":"UNITEDER38SD2015-03-20",
         "region":"EU",
         "transactionID":"181948445"
      },
      {
         "amount":"5626.0",
         "customerRef":"4884",
         "flightID":"UNITEDER39RJ2015-02-12",
         "region":"US",
         "transactionID":"181948788"
      },
      {
         "amount":"4858.0",
         "customerRef":"4940",
         "flightID":"UNITEDER39RK2015-09-11",
         "region":"EU",
         "transactionID":"181948740"
      },
      {
         "amount":"5278.0",
         "customerRef":"4950",
         "flightID":"UNITEDER39RJ2015-02-12",
         "region":"US",
         "transactionID":"181948680"
      },
      {
         "amount":"6032.0",
         "customerRef":"4968",
         "flightID":"UNITEDER38SD2015-03-20",
         "region":"US",
         "transactionID":"181948717"
      }
   ],
   "accounts":[
      {
         "city":"Polo Lo",
         "creationDate":"2015-04-23T00:00:00",
         "country":"Polonia",
         "miles":2542,
         "state":"Polo Lo",
         "postal":"49660",
         "name":"Polo Lo",
         "accountID":"4456",
         "accountType":"personal",
         "street":"411 Polo Lo"
      },
      {
         "city":"Loveland",
         "creationDate":"2005-12-28T00:00:00",
         "country":"USA",
         "miles":37575,
         "state":"California",
         "postal":"49660",
         "name":"Wendy Crafts",
         "accountID":"4466",
         "accountType":"business",
         "street":"1234 State St"
      },
      {
         "city":"Lakeville",
         "creationDate":"2005-11-03T00:00:00",
         "country":"USA",
         "miles":134868,
         "state":"TG",
         "postal":"58129",
         "name":"Max Plack",
         "accountID":"4564",
         "accountType":"business",
         "street":"Bakers Colony"
      },
      {
         "city":"Trinty",
         "creationDate":"2016-09-03T00:00:00",
         "country":"USA",
         "miles":114319,
         "state":"CA",
         "postal":"33065",
         "name":"Mike'S Place",
         "accountID":"4572",
         "accountType":"business",
         "street":"1234 High St"
      },
      {
         "city":"Gilroy",
         "creationDate":"2012-10-03T00:00:00",
         "country":"USA",
         "miles":36999,
         "state":"Shire",
         "postal":"58864",
         "name":"Marco Rivera",
         "accountID":"4579",
         "accountType":"personal",
         "street":"123456 Greens Road"
      },
      {
         "city":"Apeldoorn",
         "creationDate":"2005-08-02T00:00:00",
         "country":"Netherlands",
         "miles":66027,
         "state":"Gelderland",
         "postal":"39892",
         "name":"Marthijs Berfelo",
         "accountID":"4605",
         "accountType":"personal",
         "street":"123456 Greens Road"
      },
      {
         "city":"Boxerville",
         "creationDate":"2015-03-06T00:00:00",
         "country":"New Zealand",
         "miles":8074,
         "state":"Grundy",
         "postal":"70047",
         "name":"Blue Maroon",
         "accountID":"4631",
         "accountType":"business",
         "street":"181 Brief St"
      }
   ]
}