<?xml version="1.0" encoding="UTF-8"?>

<mule xmlns:validation="http://www.mulesoft.org/schema/mule/validation" xmlns:dw="http://www.mulesoft.org/schema/mule/ee/dw" xmlns:ws="http://www.mulesoft.org/schema/mule/ws" xmlns:metadata="http://www.mulesoft.org/schema/mule/metadata" xmlns:http="http://www.mulesoft.org/schema/mule/http" xmlns:tracking="http://www.mulesoft.org/schema/mule/ee/tracking" xmlns="http://www.mulesoft.org/schema/mule/core" xmlns:doc="http://www.mulesoft.org/schema/mule/documentation"
	xmlns:spring="http://www.springframework.org/schema/beans" 
	xmlns:xsi="http://www.w3.org/2001/XMLSchema-instance"
	xsi:schemaLocation="http://www.springframework.org/schema/beans http://www.springframework.org/schema/beans/spring-beans-current.xsd
http://www.mulesoft.org/schema/mule/core http://www.mulesoft.org/schema/mule/core/current/mule.xsd
http://www.mulesoft.org/schema/mule/http http://www.mulesoft.org/schema/mule/http/current/mule-http.xsd
http://www.mulesoft.org/schema/mule/ee/tracking http://www.mulesoft.org/schema/mule/ee/tracking/current/mule-tracking-ee.xsd
http://www.mulesoft.org/schema/mule/ee/dw http://www.mulesoft.org/schema/mule/ee/dw/current/dw.xsd
http://www.mulesoft.org/schema/mule/ws http://www.mulesoft.org/schema/mule/ws/current/mule-ws.xsd
http://www.mulesoft.org/schema/mule/validation http://www.mulesoft.org/schema/mule/validation/current/mule-validation.xsd">
    <flow name="getFlightsFlow">
        <set-variable variableName="airline" value="#[message.inboundProperties.'http.query.params'.airline]" doc:name="Set airline variable"/>
        <flow-ref name="setCodeSubflow" doc:name="setCodeSubflow"/>
        <choice doc:name="Choice">
            <when expression="#[flowVars.airline == &quot;delta&quot;]">
                <flow-ref name="getDeltaFlightsFlow" doc:name="getDeltaFlightsFlow"/>
            </when>
            <when expression="#[flowVars.airline == &quot;united&quot;]">
                <flow-ref name="getUnitedFlightsFlow" doc:name="getUnitedFlightsFlow"/>
            </when>
            <when expression="#[flowVars.airline == &quot;american&quot;]">
                <flow-ref name="getAmericanFlightsFlow" doc:name="getAmericanFlightsFlow"/>
            </when>
            <otherwise>
                <flow-ref name="getAllAirlineFlightsFlow" doc:name="getAllAirlineFlightsFlow"/>
            </otherwise>
        </choice>
        <dw:transform-message doc:name="Save Payload to flowVars" metadata:id="c1d967f9-d2c8-4aec-80fe-f785c3065aae">
            <dw:set-variable variableName="flightCodes"><![CDATA[%dw 1.0
%output application/json
---
flightIDs: payload map ((flight) ->
	upper (flight.airlineName ++ flight.flightCode ++ (flight.departureDate replace "/" with "-")) 
)]]></dw:set-variable>
            <dw:set-variable variableName="flightsPayload"><![CDATA[%dw 1.0
%output application/java
---
payload orderBy $.price]]></dw:set-variable>
        </dw:transform-message>
        <flow-ref name="getTransactionsFlow" doc:name="getTransactionsFlow"/>
        <dw:transform-message doc:name="Combine all payloads and convert to XML">
            <dw:set-payload><![CDATA[%dw 1.0
%output application/xml
%type currency = :string {format: "#,###.00"}

//Code assumes there are three payloads saved as flow variables:
//  -> flightsPayload
//  -> transactionsPayload
//  -> accountsPayload

%function createNewTransactions(transactions)
transactions map ((transaction) ->
	//Assign a local variable within the map scope by utilizing the "using" operator
	using (account = (flowVars.accountsPayload filter ($.accountID == transaction.customerRef))[0])
	(
		 transaction @(transID: transaction.transactionID, amount: transaction.amount as :number):
			{
				idCustomer: transaction.customerRef,
				nameCustomer: account.name,
				accountType: account.accountType
		    } ++
		    (
		    	{amountUSFormatted: transaction.amount as :number as :currency } when transaction.region == "US"
		    		otherwise
		    	{amountEUFormatted: transaction.amount as :number as :currency replace "," with "_" replace "." with "," replace "_" with "." } when transaction.region == "EU"
		    		otherwise
		    	{}
		    )
	)
)
---
flights: {( 
	
	flowVars.flightsPayload map ((flight) ->
		using (flightIDforTransactions = upper (flight.airlineName ++ flight.flightCode ++ (flight.departureDate replace "/" with "-") ) )
		using (filteredTransactions = flowVars.transactionsPayload filter $.flightID == flightIDforTransactions)
	    (	
			flight @(flightCode: flight.flightCode): {
				airline: flight.airlineName,
				departureDate: flight.departureDate as :date {format: "yyyy/MM/dd"} as :string {format: "yyyy-MMM-dd"},
				emptySeats: flight.availableSeats,
				fromAirportCode: flight.origination,
				planeType: flight.planeType,
				price: flight.price,
				toAirportCode: flight.destination,
				transactions: {( createNewTransactions(filteredTransactions) )}
			}
		)
	
 	)
)}
]]></dw:set-payload>
        </dw:transform-message>

    </flow>
    <sub-flow name="getTransactionsFlow">
        <dw:transform-message doc:name="Create XML for Web Service Consumer" metadata:id="dbb87311-9a13-43d5-9ed2-0561bb3f7b97">
            <dw:input-variable mimeType="application/json" variableName="flightCodes"/>
            <dw:set-payload><![CDATA[%dw 1.0
%output application/xml
%namespace ns0 http://training.mulesoft.com/
---
{
	ns0#GetTransactionsforFlights: {
		(flowVars.flightCodes.flightIDs map ((flightID , indexOfFlightID) -> {
			flightID: flightID
		}))
	}
}]]></dw:set-payload>
        </dw:transform-message>
        <ws:consumer config-ref="Trans_Web_Service_Consumer" operation="${webservice.operation}" doc:name="Web Service Consumer"/>
        <dw:transform-message doc:name="Convert XML to POJO and save to flowVars">
            <dw:set-variable variableName="transactionsPayload"><![CDATA[%dw 1.0
%output application/java
%namespace ns0 http://training.mulesoft.com/
---
payload.ns0#GetTransactionsforFlightsResponse.*transaction]]></dw:set-variable>
            <dw:set-variable variableName="accountCodes"><![CDATA[%dw 1.0
%output application/java
%namespace ns0 http://training.mulesoft.com/
---
using (trans = payload.ns0#GetTransactionsforFlightsResponse.*transaction)
trans map ((transaction) -> 
	transaction.customerRef
)]]></dw:set-variable>
        </dw:transform-message>
        <flow-ref name="getAccountsFlow" doc:name="getAccountsFlow"/>
    </sub-flow>
    <sub-flow name="getAccountsFlow">
        <dw:transform-message doc:name="Set Payload to accountIDs">
            <dw:set-payload><![CDATA[%dw 1.0
%output application/json
---
flowVars.accountCodes]]></dw:set-payload>
        </dw:transform-message>
        <http:request config-ref="Accounts_HTTP_Request_Configuration" path="/accountList" method="POST" doc:name="Get Account List">
            <http:request-builder>
                <http:header headerName="Requester-ID" value="#[message.inboundProperties.'Requester-ID']"/>
            </http:request-builder>
        </http:request>
        <dw:transform-message doc:name="Save to accountsPayload">
            <dw:set-variable variableName="accountsPayload"><![CDATA[%dw 1.0
%output application/java
---
//Use the read function to deserialized the incoming string
read(payload,"application/json")]]></dw:set-variable>
        </dw:transform-message>
    </sub-flow>
    <sub-flow name="setCodeSubflow">
        <set-variable variableName="code" value="#[message.inboundProperties.'http.query.params'.code]" doc:name="Set airport code"/>
    </sub-flow>
    <flow name="getUnitedFlightsFlow">
        <http:request config-ref="United_HTTP_Request_Configuration" path="/essentials/united/flights/{destination}" method="GET" doc:name="United REST Request" metadata:id="28a62c98-e01d-46fb-afe1-c90d7a3c3471">
            <http:request-builder>
                <http:uri-param paramName="destination" value="#[flowVars.code]"/>
            </http:request-builder>
        </http:request>
        <dw:transform-message doc:name="Transform Message" metadata:id="c939751d-bc7a-4917-8f4b-2de750686189">
            <dw:set-payload><![CDATA[%dw 1.0
%output application/java
---
payload.flights map ((flight , indexOfFlight) -> {
	airlineName: flight.airlineName,
	availableSeats: flight.emptySeats,
	departureDate: flight.departureDate,
	destination: flight.destination,
	flightCode: flight.code,
	origination: flight.origin,
	planeType: flight.planeType,
	price: flight.price
} as :object {
	class : "com.mulesoft.training.Flight"
})]]></dw:set-payload>
        </dw:transform-message>
    </flow>
    <flow name="getDeltaFlightsFlow">
        <dw:transform-message doc:name="Transform Message">
            <dw:set-payload><![CDATA[%dw 1.0
%output application/xml
%namespace ns0 http://soap.training.mulesoft.com/
---
{
	ns0#findFlight: {
		destination: flowVars.code as :string
	}
}]]></dw:set-payload>
        </dw:transform-message>
        <ws:consumer config-ref="Delta_Web_Service_Consumer" operation="findFlight" doc:name="Delta SOAP Request"/>
        <dw:transform-message doc:name="Transform Message" metadata:id="1ade9105-dd25-4510-a83a-49c478fcc6d6">
            <dw:set-payload><![CDATA[%dw 1.0
%output application/java
%namespace ns0 http://soap.training.mulesoft.com/
---
payload.ns0#findFlightResponse.*return map ((return , indexOfReturn) -> {
	airlineName: return.airlineName,
	availableSeats: return.emptySeats,
	departureDate: return.departureDate,
	destination: return.destination,
	flightCode: return.code,
	origination: return.origin,
	planeType: return.planeType,
	price: return.price
} as :object {
	class : "com.mulesoft.training.Flight"
})]]></dw:set-payload>
        </dw:transform-message>
    </flow>
    <flow name="getAmericanFlightsFlow">
        <http:request config-ref="American_HTTP_Request_Configuration" path="/flights" method="GET" doc:name="American REST Request">
            <http:request-builder>
                <http:query-param paramName="destination" value="#[flowVars.code]"/>
            </http:request-builder>
        </http:request>
        <dw:transform-message doc:name="Transform Message" metadata:id="d49e6a6b-0ca2-4a8f-96de-755f10b9b7d8">
            <dw:set-payload><![CDATA[%dw 1.0
%output application/java
---
payload map ((payload01 , indexOfPayload01) -> {
	airlineName: "American",
	availableSeats: payload01.emptySeats,
	departureDate: payload01.departureDate as :date as :string {format:"yyyy/MM/dd"},
	destination: payload01.destination,
	flightCode: payload01.code,
	origination: payload01.origin,
	planeType: payload01.plane.type,
	price: payload01.price
} as :object {
	class : "com.mulesoft.training.Flight"
})]]></dw:set-payload>
        </dw:transform-message>
    </flow>
    <flow name="getAllAirlineFlightsFlow">
        <scatter-gather doc:name="Scatter-Gather">
            <processor-chain>
                <flow-ref name="getDeltaFlightsFlow" doc:name="getDeltaFlightsFlow"/>
                <filter ref="Filter_Not_ArrayList" doc:name="Filter Reference"/>
            </processor-chain>
            <processor-chain>
                <flow-ref name="getUnitedFlightsFlow" doc:name="getUnitedFlightsFlow"/>
                <filter ref="Filter_Not_ArrayList" doc:name="Filter Reference"/>
            </processor-chain>
            <processor-chain>
                <flow-ref name="getAmericanFlightsFlow" doc:name="getAmericanFlightsFlow"/>
                <filter ref="Filter_Not_ArrayList" doc:name="Filter Reference"/>
            </processor-chain>
        </scatter-gather>
        <dw:transform-message doc:name="Transform Message">
            <dw:set-payload><![CDATA[%dw 1.0
%output application/java
---
flatten payload]]></dw:set-payload>
        </dw:transform-message>
    </flow>
    <flow name="postFlightFlow">
        <dw:transform-message doc:name="Transform Message">
            <dw:input-payload doc:sample="flight-example.json"/>
            <dw:set-payload resource="classpath:json_flight_playground.dwl"/>
            <dw:set-variable variableName="xml"><![CDATA[%dw 1.0
%output application/xml
---
data: {
	hub: "MUA",
	flight @(airline: payload.airline):{
		code: payload.flightCode
	}
}]]></dw:set-variable>
        </dw:transform-message>
        <logger level="INFO" doc:name="Logger"/>
    </flow>
    <flow name="postMultipleFlightsFlow">
        <dw:transform-message doc:name="Transform Message">
            <dw:input-payload doc:sample="flights-example.xml"/>
            <dw:set-payload><![CDATA[%dw 1.0
%output application/json
%namespace ns0 http://soap.training.mulesoft.com/
%type currency = :string {format: "###.00"}
%type flight = :object {class: "com.mulesoft.training.Flight"}
---
flights: payload.ns0#listAllFlightsResponse.*return map {
	destination: $.destination,
	price: $.price as :number as :currency,
	planeType: upper ($.planeType replace /(Boing)/ with "Boeing"),
	departureDate: $.departureDate as :date {format: "yyyy/MM/dd"} 
	as :string {format: "MMM dd, yyyy"},
	availableSeats: $.emptySeats as :number,
	//totalSeats: getNumSeats($.planeType)
	totalSeats: lookup("getTotalSeatsFlow",{type: $.planeType})
} orderBy $.departureDate orderBy $.price distinctBy $ 
filter ($.availableSeats !=0) ]]></dw:set-payload>
        </dw:transform-message>
        <logger level="INFO" doc:name="Logger"/>
    </flow>
    <flow name="getTotalSeatsFlow">
        <expression-component doc:name="Expression"><![CDATA[if (payload.type.contains('737')){
	payload = 150;
} else {
	payload = 300;
}
]]></expression-component>
    </flow>
</mule>
