{"main":"american-flights-api.raml","name":"American Flights API","classifier":"raml","tags":[],"dependencies":[{"groupId":"68ef9520-24e9-4cf2-b2f5-620025690913","assetId":"training-american-flight-data-type","version":"1.0.1"},{"groupId":"68ef9520-24e9-4cf2-b2f5-620025690913","assetId":"training-american-flights-example","version":"1.0.1"},{"groupId":"86f74f12-decb-452c-9e5a-83a1ec44550d","assetId":"training-american-flights-example","version":"1.0.1"},{"groupId":"86f74f12-decb-452c-9e5a-83a1ec44550d","assetId":"training-american-flight-data-type","version":"1.0.1"}],"groupId":"800b1585-b6be-4c62-82de-02d8c2adf413","assetId":"american-flights-api","version":"1.0.1","apiVersion":"v1"}