{
  "JKLS483S": [
    {
      "uniqueID": "4402Siva Mat24328",
      "id": 4402,
      "firstName": "Siva",
      "lastName": "Mat",
      "address": "45 Test Street Auckland, Auckland",
      "postal": "24328",
      "country": "New Zealand",
      "transactions": [
        
      ],
      "assignedDirector": "JKLS483S"
    },
    {
      "uniqueID": "4465The Most Amazing Company30244",
      "id": 4465,
      "firstName": "The",
      "lastName": "Most Amazing Company",
      "address": "1442 Victoria St Hamilton, Colorado",
      "postal": "30244",
      "country": "New Zealand",
      "transactions": [
        {
          "amount": "3747",
          "customerRef": "4465",
          "flightID": "UNITEDER95JF2015-02-12",
          "transactionID": "181948696"
        }
      ],
      "assignedDirector": "JKLS483S"
    },
    {
      "uniqueID": "4494Scenic Donkey Rides73611",
      "id": 4494,
      "firstName": "Scenic",
      "lastName": "Donkey Rides",
      "address": "1 Donkey Way Hamilton, Waikato",
      "postal": "73611",
      "country": "New Zealand",
      "transactions": [
        {
          "amount": "6343",
          "customerRef": "4494",
          "flightID": "AMERICANRREE10932016-02-11",
          "transactionID": "181948576"
        }
      ],
      "assignedDirector": "JKLS483S"
    },
    {
      "uniqueID": "4631Blue Maroon70047",
      "id": 4631,
      "firstName": "Blue",
      "lastName": "Maroon",
      "address": "181 Brief St Boxerville, Grundy",
      "postal": "70047",
      "country": "New Zealand",
      "transactions": [
        {
          "amount": "2938",
          "customerRef": "4631",
          "flightID": "UNITEDER39RJ2015-02-12",
          "transactionID": "181948623"
        }
      ],
      "assignedDirector": "JKLS483S"
    }
  ],
  "FJSA48JD": [
    {
      "uniqueID": "4404Bob Builder21003",
      "id": 4404,
      "firstName": "Bob",
      "lastName": "Builder",
      "address": "181 Construction Road Adelaide, NSW",
      "postal": "21003",
      "country": "New Zealand",
      "transactions": [
        {
          "amount": "568",
          "customerRef": "4404",
          "flightID": "AMERICANEEFD19942016-01-01",
          "transactionID": "181948553"
        }
      ],
      "assignedDirector": "FJSA48JD"
    },
    {
      "uniqueID": "4483Kiwi Burgers30244",
      "id": 4483,
      "firstName": "Kiwi",
      "lastName": "Burgers",
      "address": "123 Queen Street Auckland, Auckland",
      "postal": "30244",
      "country": "New Zealand",
      "transactions": [
        
      ],
      "assignedDirector": "FJSA48JD"
    },
    {
      "uniqueID": "4523Bob Builder75602",
      "id": 4523,
      "firstName": "Bob",
      "lastName": "Builder",
      "address": "8 Story Street Auckland, Auckland",
      "postal": "75602",
      "country": "New Zealand",
      "transactions": [
        {
          "amount": "2389",
          "customerRef": "4523",
          "flightID": "DELTAA1B2C32015-03-20",
          "transactionID": "181948466"
        }
      ],
      "assignedDirector": "FJSA48JD"
    },
    {
      "uniqueID": "4634Kenny Ge73611",
      "id": 4634,
      "firstName": "Kenny",
      "lastName": "Ge",
      "address": "112 Don Street Inver, Southland",
      "postal": "73611",
      "country": "New Zealand",
      "transactions": [
        {
          "amount": "2696",
          "customerRef": "4634",
          "flightID": "DELTAA1FGF42015-02-13",
          "transactionID": "181948622"
        },
        {
          "amount": "4749",
          "customerRef": "4634",
          "flightID": "AMERICANRREE10002016-01-20",
          "transactionID": "181948663"
        }
      ],
      "assignedDirector": "FJSA48JD"
    }
  ],
  "NMA4FJ9K": [
    {
      "uniqueID": "4464Big Jobs Plumbing76881",
      "id": 4464,
      "firstName": "Big",
      "lastName": "Jobs Plumbing",
      "address": "1234 The Water Way Hamilton, New York",
      "postal": "76881",
      "country": "New Zealand",
      "transactions": [
        {
          "amount": "2320",
          "customerRef": "4464",
          "flightID": "UNITEDER95JF2015-02-12",
          "transactionID": "181948711"
        }
      ],
      "assignedDirector": "NMA4FJ9K"
    },
    {
      "uniqueID": "4493SJ Denice70047",
      "id": 4493,
      "firstName": "SJ",
      "lastName": "Denice",
      "address": "1 Mule Way Hamilton, Waikato",
      "postal": "70047",
      "country": "New Zealand",
      "transactions": [
        
      ],
      "assignedDirector": "NMA4FJ9K"
    },
    {
      "uniqueID": "4567Lorin Lee19114",
      "id": 4567,
      "firstName": "Lorin",
      "lastName": "Lee",
      "address": "1234 Jims Hamilton, California",
      "postal": "19114",
      "country": "New Zealand",
      "transactions": [
        {
          "amount": "7443",
          "customerRef": "4567",
          "flightID": "AMERICANEEFD30002016-02-01",
          "transactionID": "181948548"
        }
      ],
      "assignedDirector": "NMA4FJ9K"
    }
  ]
}